Run,Cost,Pressure,Feasible,Time
1,5845649.1,16.728008,False,71.28543901443481
2,5722648.399999999,15.982903,False,68.25338840484619
3,5571586.6,15.528196,False,66.50986957550049
