Run,Cost,Pressure,Feasible,Time
1,5608596.399999999,15.29816,False,180.91278195381165
2,5590286.6,15.929574,False,173.712495803833
3,5560735.399999999,15.2098,False,195.37244629859924
