Run,Cost,Pressure,Feasible,Time
1,6081150.9,30.006018,True,1682.77099776268
