Run,Cost,Pressure,Feasible,Time
1,6081150.9,30.006018,True,1325.6196627616882
