Generation,Min Cost (M$),Pressure (m),Tol (m)
0,4123.227051,-182.5488,3.00
1,4123.227051,-182.5488,2.98
2,4123.227051,-182.5488,2.96
3,4123.227051,-182.5488,2.95
4,4123.227051,-182.5488,2.93
5,4123.227051,-182.5488,2.91
6,4123.227051,-182.5488,2.89
7,4123.227051,-182.5488,2.88
8,4123.227051,-182.5488,2.86
9,4123.227051,-182.5488,2.84
10,4123.227051,-182.5488,2.82
