Pipe,Diam (mm),Cost
P1,90.0,819.9999999999999
P2,63.0,434.99999999999994
P3,90.0,819.9999999999999
P4,40.0,180.0
P5,90.0,819.9999999999999
P6,32.0,114.99999999999999
P7,32.0,114.99999999999999
P8,40.0,180.0
P10,63.0,434.99999999999994
P11,32.0,114.99999999999999
P12,32.0,114.99999999999999
P13,32.0,114.99999999999999
