Run,Cost,Pressure,Feasible,Time
1,1981287.4,-16412.822,False,11.328554391860962
2,1881620.6,-17275.74,False,8.643988609313965
3,2154593.1,-16231.376,False,8.798172950744629
