Run,Cost,Pressure,Feasible,Time
1,5782031.6,15.507958,False,72.30399751663208
2,5646716.6,15.847437,False,68.47571349143982
3,5681274.899999999,15.129911,False,70.00145936012268
