Generation,Min Cost (M$),Avg Cost (M$)
0,1003.856620,1005.085088
1,1003.739970,1004.588601
2,1003.232977,1004.224202
3,1002.993134,1003.929602
4,1003.106123,1003.665815
5,1002.882605,1003.467980
6,1002.828665,1003.284825
7,1002.665935,1003.096928
8,1002.665935,1002.956852
9,1002.458584,1002.835654
