Run,Cost,Pressure,Feasible,Time
1,7864063.9,30.008375,True,71.74492931365967
2,7022311.4,30.012856,True,69.36097812652588
3,6947605.3,30.120275,True,69.90125179290771
